"Address","Number","Lon","Lat"
"1200 11 1/2 ST N FARGO, ND",15,-96.79604,46.8903814
"1900 DAKOTA DR N FARGO, ND",11,-96.811669,46.888186
"4900 47 ST S FARGO, ND",11,-96.8666352,46.8061888
"1100 19 ST N FARGO, ND",10,-96.8107359,46.8886458
"1700 40 ST S FARGO, ND",10,-96.8470166,46.8549521
"3600 42 ST S FARGO, ND",10,-96.8511047,46.8228817
"800 34 AVE E WEST FARGO, ND",10,-96.9139549,46.8293954
"1000 UNIVERSITY DR N FARGO, ND",9,-96.7981662,46.8868843
"5000 AMBER VALLEY PKWY S FARGO, ND",9,-96.8718446,46.8419875
"1000 12 ST N FARGO, ND",8,-96.7968256,46.8867847
"1400 12 ST N FARGO, ND",8,-96.7966711,46.8952391
"1800 39 ST S FARGO, ND",8,-96.8440736,46.8520585
"2600 14 ST S FARGO, ND",8,-96.80088,46.8414886
"400 4 ST N FARGO, ND",8,-96.7846686,46.8800995
"4200 9 AVENUE CIR S FARGO, ND",8,-96.8542065,46.8667678
"100 2 ST S FARGO, ND",7,-96.7812383,46.872711
"1000 16 ST N FARGO, ND",7,-96.8062016,46.8868319
"1500 11 ST N FARGO, ND",7,-96.7951194,46.8976108
"2500 15 ST S FARGO, ND",7,-96.8037033,46.8434176
"2500 VILLA DR S FARGO, ND",7,-96.8220727,46.8590313
"2800 7 ST W WEST FARGO, ND",7,-96.9129316,46.8377408
"0 ROBERTS ST N FARGO, ND",6,-96.7901832,46.8760404
"1300 12 ST N FARGO, ND",6,-96.7967005,46.8928044
"2500 14 ST S FARGO, ND",6,-96.8014837,46.8434397
"2600 PACIFIC DR S FARGO, ND",6,-96.8080067,46.8398249
"3000 7 ST W WEST FARGO, ND",6,-96.9129474,46.8354634
"4900 44 AVE S FARGO, ND",6,-96.869323,46.81391
"100 PRAIRIEWOOD DR S FARGO, ND",5,-96.826872,46.848775
"1000 32 AVE W WEST FARGO, ND",5,-96.9160218,46.9202407
"1000 9 AVE N FARGO, ND",5,-96.7939107,46.8858552
"11 ST N FARGO, ND",5,-96.7953638,46.8885603
"1100 18 ST N FARGO, ND",5,-96.8092251,46.8886387
"1100 COLLEGE ST N FARGO, ND",5,-96.7989055,46.8884345
"1400 35 ST S FARGO, ND",5,-96.8379093,46.85974
"1400 DAKOTA DR N FARGO, ND",5,-96.8027816,46.8847025
"1700 49 ST S FARGO, ND",5,-96.8688558,46.8546404
"2100 9 AVE S FARGO, ND",5,-96.8139105,46.8657429
"3300 31 AVE S FARGO, ND",5,-96.8330137,46.8349382
"5100 AMBER VALLEY PKWY S FARGO, ND",5,-96.8736858,46.8420429
"600 COUNTRYSIDE TRAILER CT S FARGO, ND",5,-96.8182343,46.8687472
"900 17 ST N FARGO, ND",5,-96.8077296,46.8866727
"900 UNIVERSITY DR N FARGO, ND",5,-96.7981812,46.8859249
"0 8 ST N FARGO, ND",4,-96.7909481,46.8750494
"100 ROBERTS ST N FARGO, ND",4,-96.7898924,46.8769464
"1000 17 ST N FARGO, ND",4,-96.807727,46.887021
"1000 BROADWAY N FARGO, ND",4,-96.7878002,46.8868364
"1000 COLLEGE ST N FARGO, ND",4,-96.7993836,46.8873069
"1100 PRAIRIE PKWY WEST FARGO, ND",4,-96.8829687,46.863725
"1300 11 ST N FARGO, ND",4,-96.7951773,46.892807
"1300 BROADWAY N FARGO, ND",4,-96.7877157,46.8927718
"1400 11 ST N FARGO, ND",4,-96.795134,46.8952225
"1400 12 AVE N FARGO, ND",4,-96.8014865,46.8903741
"1600 33 AVE S FARGO, ND",4,-96.804388,46.829915
"1800 DAKOTA DR N FARGO, ND",4,-96.8092354,46.8873468
"2000 21 AVE S FARGO, ND",4,-96.8137696,46.8465042
"2400 20 AVE S FARGO, ND",4,-96.8169241,46.8502157
"2900 7 ST W WEST FARGO, ND",4,-96.9129442,46.8371658
"2900 BLUESTEM DR WEST FARGO, ND",4,-96.8856234,46.8378216
"3100 33 ST S FARGO, ND",4,-96.832262,46.835586
"3200 18 ST S FARGO, ND",4,-96.8104281,46.8324916
"3200 22 ST S FARGO, ND",4,-96.8141071,46.8317217
"3400 32 ST S FARGO, ND",4,-96.8303212,46.8289494
"4300 9 AVE S FARGO, ND",4,-96.8541848,46.8667323
"4800 28 AVE S FARGO, ND",4,-96.8662956,46.8374091
"500 32 AVE S MOORHEAD, MN",4,-96.7717511,46.842232
"500 CENTER AVE E DILWORTH, MN",4,-96.695029,46.8765363
"5300 33 AVE S FARGO, ND",4,-96.8768407,46.8295782
"800 2 AVE S MOORHEAD, MN",4,-96.767851,46.8727503
"800 COUNTRYSIDE TRAILER CT S FARGO, ND",4,-96.8182428,46.8667013
"900 18 1/2 ST S MOORHEAD, MN",4,-96.7506717,46.8650667
"900 26 ST N FARGO, ND",4,-96.8211539,46.8859011
"900 6 AVE N FARGO, ND",4,-96.7923759,46.8825585
"100 14 ST N FARGO, ND",3,-96.8009687,46.8773949
"1000 14 ST N FARGO, ND",3,-96.8012158,46.8868017
"1000 18 ST N FARGO, ND",3,-96.8092186,46.8873573
"11 AVE N FARGO, ND",3,-96.8035604,46.8886018
"1100 11 ST N FARGO, ND",3,-96.7953826,46.8885603
"1100 12 ST N FARGO, ND",3,-96.7967669,46.8885774
"1100 18 1/2 ST S MOORHEAD, MN",3,-96.7506952,46.8629907
"1100 19 ST S MOORHEAD, MN",3,-96.7494357,46.8628201
"1100 2 AVE S MOORHEAD, MN",3,-96.7627094,46.872711
"1100 35 ST N FARGO, ND",3,-96.8348988,46.8904234
"1100 UNIVERSITY DR N FARGO, ND",3,-96.79816,46.8885821
"12 AVE N FARGO, ND",3,-96.8262332,46.8904702
"1200 10 ST N FARGO, ND",3,-96.7937837,46.8903725
"1200 11 ST N FARGO, ND",3,-96.7952425,46.8904069
"1200 32 STREET CIR S MOORHEAD, MN",3,-96.729028,46.8618949
"1200 36 ST S FARGO, ND",3,-96.839761,46.8631609
"1300 16 ST S FARGO, ND",3,-96.8060118,46.8615605
"1300 3 AVE S FARGO, ND",3,-96.7983661,46.8718403
"1300 32 ST S FARGO, ND",3,-96.8301389,46.8614821
"1300 UNIVERSITY DR N FARGO, ND",3,-96.7981047,46.892852
"1400 WEST GATEWAY CIR S FARGO, ND",3,-96.8246326,46.8594843
"1500 10 ST N FARGO, ND",3,-96.7936395,46.8976177
"1500 11 AVE N FARGO, ND",3,-96.8046696,46.8885872
"1500 6 AVE S MOORHEAD, MN",3,-96.7559989,46.8682561
"1500 8 ST N FARGO, ND",3,-96.7906467,46.8975938
"16 AVE N FARGO, ND",3,-96.789093,46.8994407
"1600 EAST GATEWAY CIR S FARGO, ND",3,-96.8214481,46.856567
"1700 10 ST N FARGO, ND",3,-96.7935826,46.9011421
"1800 40 ST S FARGO, ND",3,-96.8470825,46.8521584
"1800 7 AVE S FARGO, ND",3,-96.810597,46.867937
"2200 11 AVE S FARGO, ND",3,-96.816054,46.8644129
"2400 3 AVE N MOORHEAD, MN",3,-96.7430277,46.8782037
"2400 36 ST S MOORHEAD, MN",3,-96.720798,46.85415
"2600 15 ST S FARGO, ND",3,-96.8031588,46.8409011
"2600 36 AVE S FARGO, ND",3,-96.8214744,46.8243297
"2900 DAKOTA PARK CIR S FARGO, ND",3,-96.8271841,46.8281968
"3400 18 ST S MOORHEAD, MN",3,-96.7498848,46.8404421
"3400 42 AVE S FARGO, ND",3,-96.8337769,46.8156683
"3500 30 AVE S FARGO, ND",3,-96.8374429,46.8369406
"400 2 AVE N FARGO, ND",3,-96.7846409,46.8779679
"4300 10 AVE S FARGO, ND",3,-96.8538118,46.8650311
"4400 47 ST S FARGO, ND",3,-96.8667474,46.8145422
"4400 9 AVENUE CIR S FARGO, ND",3,-96.8584739,46.8681151
"4700 16 AVE S FARGO, ND",3,-96.866288,46.855856
"4800 16 AVE S FARGO, ND",3,-96.8668596,46.857696
"500 12 ST N MOORHEAD, MN",3,-96.761063,46.8805756
"5200 28 AVE S FARGO, ND",3,-96.8753366,46.838748
"600 33 AVE W WEST FARGO, ND",3,-96.9127572,46.8322768
"700 10 ST N FARGO, ND",3,-96.7940018,46.8831812
"700 OAK ST N FARGO, ND",3,-96.7786539,46.8831382
"7300 57 AVE N GLYNDON, MN",3,-96.6464257,46.9343171
"800 10 ST N FARGO, ND",3,-96.7939397,46.8846663
"800 24 AVE S MOORHEAD, MN",3,-96.7680101,46.8514019
"800 41 AVE S MOORHEAD, MN",3,-96.7669444,46.8319315
"900 1 AVE N MOORHEAD, MN",3,-96.7657557,46.8763998
"0 4 ST N FARGO, ND",2,-96.7847079,46.8894539
"0 PRAIRIEWOOD DR S FARGO, ND",2,-96.8297621,46.8486071
"100 8 ST N FARGO, ND",2,-96.7928661,46.8773696
"100 MAPLE ST N FARGO, ND",2,-96.7714911,46.9163217
"100 PLEASANTVIEW AVE SW GLYNDON, MN",2,-96.5836729,46.8753195
"1000 10 ST N FARGO, ND",2,-96.7938338,46.886781
"1000 11 ST S MOORHEAD, MN",2,-96.7627715,46.8640609
"1000 15 ST N FARGO, ND",2,-96.804682,46.8869848
"1000 18 1/2 ST S MOORHEAD, MN",2,-96.7506861,46.8637929
"1000 18 ST S MOORHEAD, MN",2,-96.7519093,46.8638212
"1000 GIBRALTOR AVE N FARGO, ND",2,-96.7943851,46.9238518
"1000 MONTE CARLO DR N FARGO, ND",2,-96.7934553,46.9230874
"1100 12 ST S MOORHEAD, MN",2,-96.7612963,46.8629329
"1100 13 AVE N FARGO, ND",2,-96.7951672,46.8927699
"1100 14 ST N FARGO, ND",2,-96.8012044,46.8886332
"1100 18 ST S MOORHEAD, MN",2,-96.7519303,46.8631644
"1100 22 ST S FARGO, ND",2,-96.816048,46.8644387
"1200 1 AVE N FARGO, ND",2,-96.7973581,46.8771715
"1200 11 AVE N FARGO, ND",2,-96.7967628,46.8885464
"1200 15 AVE N MOORHEAD, MN",2,-96.76039,46.890715
"1200 34 STREET CIR S MOORHEAD, MN",2,-96.7264855,46.8621805
"1200 STARR AVE WEST FARGO, ND",2,-96.8773545,46.8734958
"1300 1 AVE S FARGO, ND",2,-96.7982719,46.8739432
"1300 34 AVE S MOORHEAD, MN",2,-96.7592245,46.8398128
"1300 36 AVE S MOORHEAD, MN",2,-96.7604994,46.8371965
"1300 BELSLY BLVD MOORHEAD, MN",2,-96.7596856,46.8419793
"1400 10 ST N FARGO, ND",2,-96.7936853,46.8952097
"1400 17 ST S FARGO, ND",2,-96.8089995,46.8595783
"1400 9 AVE S MOORHEAD, MN",2,-96.7574817,46.8651191
"1400 ALBRECHT BLVD N FARGO, ND",2,-96.8027873,46.8955799
"1400 RIVER ST WEST FARGO, ND",2,-96.9064538,46.8607857
"1500 2 AVE S FARGO, ND",2,-96.80403,46.8729354
"1500 27 AVE S FARGO, ND",2,-96.8017741,46.8391051
"1600 11 AVE N FARGO, ND",2,-96.8061779,46.8885901
"1600 11 ST N FARGO, ND",2,-96.795136,46.8994625
"1600 5 AVE S FARGO, ND",2,-96.8069152,46.8697541
"1600 7 ST S MOORHEAD, MN",2,-96.7694067,46.8585053
"1600 8 ST N FARGO, ND",2,-96.790616,46.8994564
"1700 39 ST S FARGO, ND",2,-96.8443069,46.8534845
"1800 14 ST S FARGO, ND",2,-96.8015552,46.85192
"1900 21 AVE S FARGO, ND",2,-96.8123816,46.8455588
"1900 5 AVE S MOORHEAD, MN",2,-96.7496211,46.8692984
"1900 UNIVERSITY DR N FARGO, ND",2,-96.7988552,46.9050892
"200 8 AVE W WEST FARGO, ND",2,-96.9015993,46.8688072
"2000 49 ST S FARGO, ND",2,-96.868975,46.8498444
"2000 7 ST S MOORHEAD, MN",2,-96.7694902,46.854939
"2300 17 ST S FARGO, ND",2,-96.8083998,46.8452111
"2300 20 1/2 AVE S FARGO, ND",2,-96.8145295,46.8479713
"2300 55 ST S FARGO, ND",2,-96.8779826,46.8177004
"2400 33 AVE S FARGO, ND",2,-96.8181197,46.8304783
"2400 4 AVE N MOORHEAD, MN",2,-96.7434758,46.8792566
"2400 65 AVE S FARGO, ND",2,-96.8933827,46.8119068
"2400 WEST COUNTRY CLUB DR S FARGO, ND",2,-96.7934472,46.8430808
"2500 55 ST S FARGO, ND",2,-96.8779826,46.8177004
"2500 9 ST N FARGO, ND",2,-96.7910465,46.9098844
"2500 COUNTRY CLUB PKWY MOORHEAD, MN",2,-96.7647903,46.9009414
"2600 11 ST S MOORHEAD, MN",2,-96.7627891,46.8495145
"2700 36 ST S MOORHEAD, MN",2,-96.7202566,46.8516719
"2800 23 AVE S FARGO, ND",2,-96.8239606,46.84424
"2900 80 AVE N MOORHEAD, MN",2,-96.7337069,46.7749777
"300 31 AVE N FARGO, ND",2,-96.7834388,46.9180247
"300 4 AVE N FARGO, ND",2,-96.7831673,46.8800808
"300 7 AVE S FARGO, ND",2,-96.7823899,46.8675641
"3000 10 ST N FARGO, ND",2,-96.7934245,46.9156846
"3100 8 ST N FARGO, ND",2,-96.7898127,46.9174862
"3200 9 ST W WEST FARGO, ND",2,-96.9151171,46.8335774
"3300 12 ST S MOORHEAD, MN",2,-96.7609116,46.8406713
"3300 15 AVE S FARGO, ND",2,-96.8339279,46.856935
"3300 17 ST S FARGO, ND",2,-96.8076224,46.8302352
"3300 5 ST W WEST FARGO, ND",2,-96.9077933,46.8294729
"3400 14 AVE S FARGO, ND",2,-96.8361663,46.8599335
"3500 28 ST S FARGO, ND",2,-96.8351525,46.8712541
"3500 5 ST W WEST FARGO, ND",2,-96.9075987,46.82798
"3800 RIVER DR S FARGO, ND",2,-96.8015024,46.821699
"400 11 ST N FARGO, ND",2,-96.7955331,46.8805202
"400 14 ST N MOORHEAD, MN",2,-96.7573372,46.8792651
"400 16 ST S MOORHEAD, MN",2,-96.754434,46.8706021
"400 23 ST S FARGO, ND",2,-96.8168734,46.8716039
"400 30 AVE N FARGO, ND",2,-96.7849679,46.9159167
"4000 34 AVE S FARGO, ND",2,-96.8537811,46.8281465
"4200 33 AVE S FARGO, ND",2,-96.8525229,46.8298794
"4200 47 ST S FARGO, ND",2,-96.8666776,46.8168845
"4200 9 AVE S FARGO, ND",2,-96.8509719,46.8667882
"4300 15 AVE S FARGO, ND",2,-96.8537322,46.8582288
"4600 33 AVE S FARGO, ND",2,-96.8643079,46.8297011
"4600 SAN JUAN DR S FARGO, ND",2,-96.8573051,46.8704764
"4700 CHELSEA LN S FARGO, ND",2,-96.8674467,46.8278665
"4900 16 AVE S FARGO, ND",2,-96.8689206,46.8571529
"4900 51 ST S FARGO, ND",2,-96.8727844,46.8074955
"500 30 AVE S MOORHEAD, MN",2,-96.7717913,46.8440597
"500 33 AVE W WEST FARGO, ND",2,-96.9127572,46.8322768
"500 4 AVE NW WEST FARGO, ND",2,-96.9064652,46.8809737
"500 4 ST N FARGO, ND",2,-96.7846822,46.8811805
"5000 28 AVE S FARGO, ND",2,-96.873245,46.838938
"5100 44 AVE S FARGO, ND",2,-96.8748707,46.8132993
"5300 30 AVE S FARGO, ND",2,-96.8615106,46.8363682
"5300 AMBER VALLEY PKWY S FARGO, ND",2,-96.8762416,46.8420724
"5400 AMBER VALLEY PKWY S FARGO, ND",2,-96.8762416,46.8420724
"6600 7 ST SW MOORHEAD, MN",2,-96.7946917,46.7972404
"700 10 AVE N FARGO, ND",2,-96.7894789,46.8867342
"700 29 ST N FARGO, ND",2,-96.8253661,46.883255
"700 7 ST N FARGO, ND",2,-96.7894657,46.8831741
"700 8 ST N FARGO, ND",2,-96.7909154,46.883161
"800 1 ST WEST FARGO, ND",2,-96.8999216,46.8687921
"800 10 ST S FARGO, ND",2,-96.7949015,46.8667866
"800 2 AVE N MOORHEAD, MN",2,-96.7678319,46.8771597
"800 33 AVE N FARGO, ND",2,-96.7886543,46.9206088
"800 36 AVE E WEST FARGO, ND",2,-96.8856713,46.8258351
"800 4 AVE S MOORHEAD, MN",2,-96.7678699,46.8706645
"800 42 ST S FARGO, ND",2,-96.8508352,46.8678949
"900 24 AVE S MOORHEAD, MN",2,-96.7657875,46.8513907
"900 41 AVE W WEST FARGO, ND",2,-96.9154959,46.8179734
"900 44 ST S FARGO, ND",2,-96.8587056,46.8663538
"900 5 AVE S FARGO, ND",2,-96.7932365,46.8694083
"900 9 ST W WEST FARGO, ND",2,-96.9144862,46.8674213
"900 BROADWAY N FARGO, ND",2,-96.7878065,46.8858883
"900 COUNTRYSIDE TRAILER CT S FARGO, ND",2,-96.8182566,46.8657459
" MOORHEAD, MN",1,-96.7678039,46.8737648
"0 1 AVE NE DILWORTH, MN",1,-96.7031003,46.8775317
"0 15 ST S FARGO, ND",1,-96.803931,46.8753343
"0 2 ST S FARGO, ND",1,-96.8568786,46.8754595
"0 3 ST NW DILWORTH, MN",1,-96.7074001,46.8765219
"0 4 ST S MOORHEAD, MN",1,-96.7739198,46.8744378
"0 8 AVE N CASSELTON, ND",1,-97.2095675,46.9025214
"0 9 ST S FARGO, ND",1,-96.8828407,46.876543
"0 BRIARWOOD PL FARGO, ND",1,-96.797917,46.7863754
"0 BROADWAY S FARGO, ND",1,-96.7879207,46.874396
"0 EAST LYNMAR N FARGO, ND",1,-96.7854387,46.9198239
"0 MAYFAIR DR MOORHEAD, MN",1,-96.741353,46.881302
"1 AVE N MOORHEAD, MN",1,-96.7619341,46.8761183
"1 ST N FARGO, ND",1,-96.780183,46.9019456
"10 ST S MOORHEAD, MN",1,-96.7643404,46.8509686
"100 10 ST N MOORHEAD, MN",1,-96.7647623,46.8761401
"100 155 ST S GLYNDON, MN",1,-96.4740344,46.8699564
"100 16 ST S FARGO, ND",1,-96.8068585,46.8740099
"100 19 AVE N FARGO, ND",1,-96.77997,46.903752
"100 3 ST SE ULEN, MN",1,-96.2550812,47.0787158
"100 30 AVE E WEST FARGO, ND",1,-96.9005858,46.8365089
"100 50 AVE E WEST FARGO, ND",1,-96.8986892,46.8059469
"100 6 AVE S CASSELTON, ND",1,-97.2131211,46.8995251
"100 MAIN AVE E WEST FARGO, ND",1,-96.899723,46.8769578
"1000 10 AVE N FARGO, ND",1,-96.7938309,46.8867501
"1000 11 AVE S MOORHEAD, MN",1,-96.7648524,46.8630708
"1000 16 ST N MOORHEAD, MN",1,-96.7537749,46.8856166
"1000 24 AVE S MOORHEAD, MN",1,-96.7641146,46.8513452
"1000 28 AVE S MOORHEAD, MN",1,-96.7651437,46.847947
"1000 3 ST S MOORHEAD, MN",1,-96.775082,46.8640856
"1000 32 AVE S MOORHEAD, MN",1,-96.7645862,46.8419506
"1000 42 ST S FARGO, ND",1,-96.850908,46.8652424
"1000 5 ST N FARGO, ND",1,-96.7862447,46.8867483
"1000 7 ST N FARGO, ND",1,-96.7894834,46.8867649
"1000 8 ST N FARGO, ND",1,-96.7910807,46.8877306
"1000 8 ST N MOORHEAD, MN",1,-96.7673328,46.8857516
"1000 WESTPORT PKWY WEST FARGO, ND",1,-96.9168944,46.8165463
"1100 1 AVE N FARGO, ND",1,-96.7955474,46.8773679
"1100 1 ST N FARGO, ND",1,-96.7801735,46.8885618
"1100 10 ST N FARGO, ND",1,-96.7937938,46.8885521
"1100 11 ST S MOORHEAD, MN",1,-96.762374,46.86301
"1100 13 ST N MOORHEAD, MN",1,-96.7594482,46.8866008
"1100 13 ST S MOORHEAD, MN",1,-96.75936,46.862808
"1100 16 ST N FARGO, ND",1,-96.8061964,46.8886208
"1100 27 ST N FARGO, ND",1,-96.8226923,46.8886879
"1100 3 ST N FARGO, ND",1,-96.7832057,46.8885486
"1100 38 1/2 AVE W WEST FARGO, ND",1,-96.9194507,46.8224328
"1100 5 AVE S FARGO, ND",1,-96.7963401,46.8695961
"1100 7 ST N FARGO, ND",1,-96.7894687,46.8885825
"1100 BELSLY BLVD MOORHEAD, MN",1,-96.76395,46.8401508
"12 ST S MOORHEAD, MN",1,-96.7613307,46.8549412
"1200 1 ST WEST FARGO, ND",1,-96.900383,46.863421
"1200 11 ST N MOORHEAD, MN",1,-96.7624928,46.8875991
"1200 12 ST N FARGO, ND",1,-96.7967348,46.8903903
"1200 12 ST N MOORHEAD, MN",1,-96.7609397,46.887603
"1200 12 ST S MOORHEAD, MN",1,-96.7613007,46.8621649
"1200 14 AVE N FARGO, ND",1,-96.7966666,46.8952021
"1200 15 ST N MOORHEAD, MN",1,-96.7559815,46.887797
"1200 17 AVE N FARGO, ND",1,-96.7965708,46.9011262
"1200 2 AVE N FARGO, ND",1,-96.7970174,46.8783892
"1200 2 ST E WEST FARGO, ND",1,-96.8980492,46.8629218
"1200 27 AVE S MOORHEAD, MN",1,-96.7595608,46.8485734
"1200 28 AVE S MOORHEAD, MN",1,-96.759843,46.8477404
"1200 34 AVE S MOORHEAD, MN",1,-96.760862,46.8398014
"1200 6 AVE S MOORHEAD, MN",1,-96.7612758,46.8682521
"1200 6 ST S MOORHEAD, MN",1,-96.770965,46.8620059
"1200 8 ST N FARGO, ND",1,-96.790789,46.8903863
"1200 9 ST N FARGO, ND",1,-96.7923118,46.8904064
"1200 JETVIG BLVD HAWLEY, MN",1,-96.3280353,46.8756916
"1200 OAK ST N FARGO, ND",1,-96.7786766,46.8903751
"12400 250 ST N ULEN, MN",1,-96.2788884,47.026241
"1300 10 AVE N FARGO, ND",1,-96.7981553,46.886782
"1300 11 AVE N FARGO, ND",1,-96.7981494,46.8885694
"1300 11 AVE S MOORHEAD, MN",1,-96.759761,46.8630543
"1300 12 AVE S MOORHEAD, MN",1,-96.7597821,46.862204
"1300 14 ST S FARGO, ND",1,-96.8014608,46.8615723
"1300 17 ST S FARGO, ND",1,-96.8090519,46.8615557
"1300 18 AVE S MOORHEAD, MN",1,-96.7598203,46.8565977
"1300 19 1/2 ST S MOORHEAD, MN",1,-96.749049,46.8612785
"1300 2 AVE N FARGO, ND",1,-96.7982402,46.8784019
"1300 28 AVE S MOORHEAD, MN",1,-96.7583237,46.8477453
"1300 3 ST S MOORHEAD, MN",1,-96.7750949,46.8611022
"1300 32 STREET CIR S MOORHEAD, MN",1,-96.7293545,46.8606739
"1300 4 AVE N FARGO, ND",1,-96.7982363,46.8805002
"1300 6 ST E WEST FARGO, ND",1,-96.8916582,46.8623077
"1300 8 AVE N FARGO, ND",1,-96.7981776,46.8846556
"1300 COSSETTE DR FARGO, ND",1,-96.7985746,46.7608948
"1300 MAIN ST HAWLEY, MN",1,-96.3272892,46.8786762
"1400 1 AVE S FARGO, ND",1,-96.801093,46.8739686
"1400 12 ST E WEST FARGO, ND",1,-96.8800604,46.8606877
"1400 13 AVE S FARGO, ND",1,-96.8019746,46.8615746
"1400 16 1/2 ST S FARGO, ND",1,-96.807563,46.8595942
"1400 16 ST S FARGO, ND",1,-96.8060173,46.8595691
"1400 16 ST S MOORHEAD, MN",1,-96.7545356,46.860343
"1400 20 ST S FARGO, ND",1,-96.8141192,46.8224715
"1400 25 AVE S FARGO, ND",1,-96.8016815,46.8434381
"1400 32 ST S FARGO, ND",1,-96.830154,46.8591316
"1400 33 ST S FARGO, ND",1,-96.83246,46.8606758
"1400 4 AVE N FARGO, ND",1,-96.8009604,46.8804988
"1400 4 ST N FARGO, ND",1,-96.7846,46.8951951
"1400 5 AVE S FARGO, ND",1,-96.8012065,46.8697305
"1400 5 ST S MOORHEAD, MN",1,-96.7724902,46.8601415
"1400 6 AVE N MOORHEAD, MN",1,-96.7573181,46.8813538
"1400 6 AVE S MOORHEAD, MN",1,-96.7574817,46.8682599
"1400 6 ST S MOORHEAD, MN",1,-96.7709746,46.860061
"1400 8 AVE N FARGO, ND",1,-96.8012148,46.8846456
"1400 9 AVE S FARGO, ND",1,-96.8012417,46.8657617
"1400 BROADWAY N FARGO, ND",1,-96.7876654,46.8951877
"1400 EAST GATEWAY CIR S FARGO, ND",1,-96.8246195,46.8595097
"1400 OAK MANOR AVE S FARGO, ND",1,-96.8014641,46.8455462
"1400 UNIVERSITY DR N FARGO, ND",1,-96.7981159,46.8952151
"1500 11 AVE E WEST FARGO, ND",1,-96.8046696,46.8885872
"1500 12 ST N FARGO, ND",1,-96.7966443,46.8976108
"1500 16 1/2 ST S FARGO, ND",1,-96.8075577,46.8576245
"1500 20 ST S MOORHEAD, MN",1,-96.7555247,46.8549914
"1500 30 AVE S FARGO, ND",1,-96.8019206,46.834812
"1500 32 AVE S FARGO, ND",1,-96.8018969,46.8326189
"1500 35 ST S FARGO, ND",1,-96.8380666,46.8569399
"1500 4 AVE N FARGO, ND",1,-96.8036764,46.8805255
"1500 4 ST S MOORHEAD, MN",1,-96.7736523,46.8592575
"1500 48 ST S FARGO, ND",1,-96.8660392,46.8591225
"1500 6 ST S FARGO, ND",1,-96.788984,46.8576334
"1500 EAST GATEWAY CIR S FARGO, ND",1,-96.8217001,46.8575788
"155 AVE SE AMENIA, ND",1,-97.2192616,47.0071412
"16 ST S FARGO, ND",1,-96.8060357,46.8595889
"1600 10 ST N FARGO, ND",1,-96.7936131,46.8994591
"1600 12 ST N FARGO, ND",1,-96.7966057,46.8994557
"1600 2 AVE S FARGO, ND",1,-96.8068985,46.8729596
"1600 20 ST S MOORHEAD, MN",1,-96.7545336,46.8550101
"1600 29 AVE S FARGO, ND",1,-96.8039627,46.8359728
"1600 4 AVE S MOORHEAD, MN",1,-96.7544371,46.8706282
"1600 4 ST N FARGO, ND",1,-96.7845194,46.8994072
"1600 41 AVE S FARGO, ND",1,-96.806563,46.8174692
"1600 51 ST S FARGO, ND",1,-96.8710336,46.8574836
"1600 8 ST S MOORHEAD, MN",1,-96.7680521,46.858422
"1600 ASH PL WEST FARGO, ND",1,-96.8750913,46.8557093
"1600 UNIVERSITY DR N FARGO, ND",1,-96.7980534,46.8997093
"1700 1 AVE N MOORHEAD, MN",1,-96.7527029,46.8761055
"1700 17 AVE S FARGO, ND",1,-96.8091253,46.8542983
"1700 2 ST N FARGO, ND",1,-96.7815078,46.9012131
"1700 25 AVE S FARGO, ND",1,-96.808913,46.842729
"1700 40 AVE S MOORHEAD, MN",1,-96.7495428,46.8331286
"1700 6 ST S MOORHEAD, MN",1,-96.771036,46.8574807
"1800 13 1/2 ST S FARGO, ND",1,-96.8000462,46.851906
"1800 16 ST S FARGO, ND",1,-96.8061018,46.8519137
"1800 2 AVE S FARGO, ND",1,-96.8102674,46.8729787
"1800 20 ST S MOORHEAD, MN",1,-96.7516849,46.8549775
"1800 40 AVE S MOORHEAD, MN",1,-96.7466673,46.8331285
"1800 42 ST S FARGO, ND",1,-96.8511197,46.8516654
"1800 49 ST S FARGO, ND",1,-96.8690139,46.8529362
"1800 9 AVE S MOORHEAD, MN",1,-96.7518756,46.8651058
"1800 BELSLY BLVD MOORHEAD, MN",1,-96.7499226,46.8419714
"1800 BROADWAY N FARGO, ND",1,-96.7874817,46.9030636
"1800 MAIN AVE E WEST FARGO, ND",1,-96.8704376,46.8764935
"1800 UNIVERSITY DR N FARGO, ND",1,-96.8013852,46.9029884
"19 AVE NW WEST FARGO, ND",1,-96.9336259,46.9062205
"19 ST N MOORHEAD, MN",1,-96.7494666,46.8834244
"1900 19 ST S FARGO, ND",1,-96.811757,46.8501744
"1900 4 AVE E WEST FARGO, ND",1,-96.869557,46.871984
"1900 6 AVE S MOORHEAD, MN",1,-96.7496224,46.868257
"1900 ROGER MARIS DR S FARGO, ND",1,-96.7807814,46.8506494
"2 ST N FARGO, ND",1,-96.7815472,46.8988474
"200 11 ST N MOORHEAD, MN",1,-96.7626094,46.8771285
"200 12 ST S MOORHEAD, MN",1,-96.7612033,46.8726842
"200 16 ST S MOORHEAD, MN",1,-96.7543997,46.8726747
"200 17 1/2 ST E WEST FARGO, ND",1,-96.8715028,46.8735694
"200 20 ST E WEST FARGO, ND",1,-96.8686498,46.8735454
"200 24 ST S FARGO, ND",1,-96.8180916,46.8739651
"200 5 ST E WEST FARGO, ND",1,-96.8910961,46.8736359
"200 6 AVE S CASSELTON, ND",1,-97.2131395,46.8993709
"200 7 AVE S MOORHEAD, MN",1,-96.7765292,46.8672508
"200 9 AVE N CASSELTON, ND",1,-97.2079533,46.9024363
"200 LANGER AVE N CASSELTON, ND",1,-97.2111239,46.9026596
"200 LANGER AVE S CASSELTON, ND",1,-97.2116277,46.898601
"200 PARK DR HORACE, ND",1,-96.9055937,46.7569848
"200 PRAIRIEWOOD DR S FARGO, ND",1,-96.833631,46.852849
"200 SETER CIR SE GLYNDON, MN",1,-96.5777743,46.8666564
"2000 23 ST S FARGO, ND",1,-96.8133878,46.8488428
"2000 5 AVE S FARGO, ND",1,-96.8132115,46.869773
"2000 ROSE CREEK BLVD S FARGO, ND",1,-96.8117356,46.8048665
"20900 HWY 34 S BARNESVILLE, MN",1,-96.3654437,46.6597806
"2100 17 ST S FARGO, ND",1,-96.8083701,46.8469678
"2200 12 AVE S FARGO, ND",1,-96.8155647,46.8631125
"2200 173 AVE SE ARGUSVILLE, MN",1,-96.8366556,47.0920002
"2200 33 AVE S FARGO, ND",1,-96.8154247,46.8305866
"2200 4 AVE S MOORHEAD, MN",1,-96.742726,46.871278
"2200 57 AVE S FARGO, ND",1,-96.8149384,46.7963106
"2200 6 AVE S FARGO, ND",1,-96.8155465,46.8687373
"2200 8 ST S MOORHEAD, MN",1,-96.7680211,46.8538099
"2200 9 AVE S FARGO, ND",1,-96.8160124,46.8657498
"2300 11 ST S MOORHEAD, MN",1,-96.7628028,46.8522522
"2300 15 ST S FARGO, ND",1,-96.8036782,46.8451989
"2300 18 ST S FARGO, ND",1,-96.8159723,46.8445916
"2300 SUNDANCE CIR S FARGO, ND",1,-96.8148413,46.8494367
"2400 30 1/2 AVE S FARGO, ND",1,-96.8186774,46.8345676
"2500 10 ST N FARGO, ND",1,-96.7934564,46.9098861
"2500 36 AVE S FARGO, ND",1,-96.8604109,46.8256138
"2500 55 AVE S FARGO, ND",1,-96.8200588,46.7986587
"2500 6 AVE N MOORHEAD, MN",1,-96.7396676,46.8815357
"2500 AMBER VALLEY CT S FARGO, ND",1,-96.8758037,46.8418921
"2500 PACIFIC DR S FARGO, ND",1,-96.8075806,46.8412451
"2600 35 AVE S FARGO, ND",1,-96.8209087,46.8275036
"2600 55 AVE S FARGO, ND",1,-96.8209996,46.7985656
"2600 56 AVE S FARGO, ND",1,-96.8201691,46.7977762
"2600 57 AVE S FARGO, ND",1,-96.820824,46.7967796
"2600 FAIRWAY DR MOORHEAD, MN",1,-96.7666507,46.9020436
"2700 36 AVE S FARGO, ND",1,-96.824408,46.8240816
"2700 47 ST S FARGO, ND",1,-96.8652362,46.8386522
"2700 9 ST N FARGO, ND",1,-96.7910387,46.9114485
"2800 22 ST S FARGO, ND",1,-96.814939,46.8374801
"2800 4 AVE N MOORHEAD, MN",1,-96.735815,46.8794663
"2800 9 ST N FARGO, ND",1,-96.7910373,46.9120579
"2800 UMBER CT S FARGO, ND",1,-96.8544043,46.8378696
"2900 17 ST S MOORHEAD, MN",1,-96.7512156,46.8457195
"2900 7 AVE N FARGO, ND",1,-96.8253465,46.8832274
"2900 HEATHERWOOD CIR S MOORHEAD, MN",1,-96.746152,46.8456417
"3 AVE E WEST FARGO, ND",1,-96.8828409,46.8735499
"300 11 ST N FARGO, ND",1,-96.7955323,46.8794616
"300 19 ST N FARGO, ND",1,-96.8107652,46.8795011
"300 2 ST NE DILWORTH, MN",1,-96.7004134,46.8795674
"300 22 AVE S MOORHEAD, MN",1,-96.7753742,46.8533174
"300 25 ST S FARGO, ND",1,-96.818976,46.8727252
"300 4 AVE W WEST FARGO, ND",1,-96.9040283,46.8728192
"300 5 ST N FARGO, ND",1,-96.7862056,46.8790515
"300 7 ST S MOORHEAD, MN",1,-96.7693725,46.8716901
"300 EDDY CT S FARGO, ND",1,-96.7998969,46.8718497
"300 MAPLE DR MAPLETON, ND",1,-97.0491116,46.888212
"300 PLUM TREE RD HICKSON, MN",1,-96.813187,46.6767331
"3000 17 ST S MOORHEAD, MN",1,-96.7515449,46.8438242
"3000 23 AVE S FARGO, ND",1,-96.825952,46.8443255
"3000 23 ST S FARGO, ND",1,-96.8173382,46.8345796
"3000 32 ST S FARGO, ND",1,-96.8303767,46.8369221
"3000 34 AVE S FARGO, ND",1,-96.8278139,46.829062
"3000 40 AVE S FARGO, ND",1,-96.8268684,46.818039
"3000 DAKOTA PARK CIR S FARGO, ND",1,-96.8279707,46.8281994
"3100 23 AVE S FARGO, ND",1,-96.8264338,46.8444416
"3100 27 ST S MOORHEAD, MN",1,-96.7347911,46.85563
"3100 32 ST S FARGO, ND",1,-96.8304421,46.8348679
"3100 35 AVE S FARGO, ND",1,-96.8298239,46.8272016
"3100 5 ST S MOORHEAD, MN",1,-96.7717772,46.8436653
"3100 6 ST E WEST FARGO, ND",1,-96.8888573,46.8357553
"3200 20 ST S FARGO, ND",1,-96.8119892,46.8322133
"3300 13 AVE S FARGO, ND",1,-96.8324899,46.8614976
"3300 16 AVE S FARGO, ND",1,-96.833294,46.8556071
"3300 17 AVE S FARGO, ND",1,-96.8330375,46.8542745
"3300 18 ST S FARGO, ND",1,-96.8101615,46.8305322
"3300 32 ST S FARGO, ND",1,-96.8303992,46.8304742
"3300 35 AVE S FARGO, ND",1,-96.832801,46.8271765
"3300 42 ST S FARGO, ND",1,-96.851365,46.831503
"3300 BROADWAY N FARGO, ND",1,-96.7870508,46.9205297
"3400 10 ST S MOORHEAD, MN",1,-96.7631232,46.8392282
"3400 30 AVE S FARGO, ND",1,-96.8358355,46.8369231
"3400 33 ST S FARGO, ND",1,-96.8328106,46.8289474
"3400 44 AVE S FARGO, ND",1,-96.8343097,46.813811
"3400 5 ST W WEST FARGO, ND",1,-96.9077933,46.8294729
"3400 8 AVE S MOORHEAD, MN",1,-96.7679249,46.8403535
"3400 RIVER DR S FARGO, ND",1,-96.7952666,46.828692
"3500 10 AVE S MOORHEAD, MN",1,-96.7232876,46.8637902
"3500 2 ST N FARGO, ND",1,-96.7794606,46.9225095
"3500 28 AVE S FARGO, ND",1,-96.8354431,46.8401529
"3500 42 ST S FARGO, ND",1,-96.8504266,46.8272096
"3500 47 ST S FARGO, ND",1,-96.8671751,46.8266807
"3500 8 AVE S MOORHEAD, MN",1,-96.7249827,46.8664341
"3500 POLK ST S FARGO, ND",1,-96.8536091,46.8270542
"3700 25 ST S FARGO, ND",1,-96.8194915,46.8225381
"38 AVE S FARGO, ND",1,-96.8238646,46.8212581
"3800 10 ST N FARGO, ND",1,-96.7939937,46.9294504
"3800 2 ST E WEST FARGO, ND",1,-96.8976519,46.8225483
"3800 21 ST S FARGO, ND",1,-96.8154634,46.8211752
"3900 10 ST N FARGO, ND",1,-96.7940092,46.931521
"400 1 AVE NW DILWORTH, MN",1,-96.7088767,46.8774887
"400 10 AVE S MOORHEAD, MN",1,-96.7736172,46.8640975
"400 10 ST S MOORHEAD, MN",1,-96.7648034,46.8706283
"400 22 ST E WEST FARGO, ND",1,-96.863377,46.872355
"400 7 AVE S FARGO, ND",1,-96.7857687,46.8675784
"400 7 ST S MOORHEAD, MN",1,-96.7694033,46.8706591
"400 BROOK AVE MOORHEAD, MN",1,-96.7752461,46.84629
"400 ELMWOOD AVE S FARGO, ND",1,-96.7847778,46.8570713
"400 MORRISON ST WEST FARGO, ND",1,-96.9055198,46.8728339
"400 OAK WAY MOORHEAD, MN",1,-96.780466,46.833361
"400 OAKLAND AVE S FARGO, ND",1,-96.7847677,46.8587855
"400 ROBERTS ST N FARGO, ND",1,-96.789275,46.880323
"400 SANTA CRUZ DR S FARGO, ND",1,-96.8561906,46.8730469
"400 SEQUOIA DR MAPLETON, ND",1,-97.0473721,46.887683
"400 SUNRISE CIR MOORHEAD, MN",1,-96.7400615,46.8792518
"400 UNIVERSITY DR S FARGO, ND",1,-96.7982891,46.8707565
"4100 18 AVE S FARGO, ND",1,-96.814903,46.8507045
"4100 19 AVE S FARGO, ND",1,-96.8495541,46.8497632
"4200 10 AVE S FARGO, ND",1,-96.8509937,46.8652754
"4200 19 ST S MOORHEAD, MN",1,-96.7519365,46.8513898
"4200 39 1/2 AVE S FARGO, ND",1,-96.8246454,46.8186277
"4200 52 ST S FARGO, ND",1,-96.8741979,46.816501
"4200 CLUBHOUSE DR S FARGO, ND",1,-96.887034,46.817755
"4200 ESTATE DR S FARGO, ND",1,-96.8735521,46.8163808
"4300 33 AVE S FARGO, ND",1,-96.8562268,46.8298863
"4300 9 AVENUE CIR S FARGO, ND",1,-96.8558033,46.868295
"4300 ESTATE DR S FARGO, ND",1,-96.8728555,46.8148043
"4400 23 AVE S FARGO, ND",1,-96.8589109,46.8440537
"4400 30 AVE S FARGO, ND",1,-96.8581671,46.8366532
"4400 31 AVE S FARGO, ND",1,-96.8604217,46.8345037
"4400 9 AVE S FARGO, ND",1,-96.8567839,46.8659775
"4400 CALICO DR S FARGO, ND",1,-96.8584818,46.8374689
"4500 16 AVE S FARGO, ND",1,-96.8620382,46.8564187
"4500 47 ST S FARGO, ND",1,-96.8668052,46.8120649
"4500 SUNRISE DR WEST FARGO, ND",1,-96.920285,46.814102
"4600 49 AVE S FARGO, ND",1,-96.8623611,46.8067502
"47 AVE E WEST FARGO, ND",1,-96.9080248,46.8105892
"4700 17 AVE S FARGO, ND",1,-96.8663748,46.8535883
"4700 WOODHAVEN DR S FARGO, ND",1,-96.8551591,46.8105469
"49 ST S FARGO, ND",1,-96.869978,46.8334394
"4900 15 AVE S FARGO, ND",1,-96.8689695,46.8591664
"4900 28 AVE S FARGO, ND",1,-96.8709401,46.8388435
"4900 AMBER VALLEY PKWY S FARGO, ND",1,-96.8704787,46.8412859
"4900 CO RD 31 N FARGO, ND",1,-96.8041788,46.9445565
"5 AVE S MOORHEAD, MN",1,-96.7637801,46.8692862
"500 1 AVE E WEST FARGO, ND",1,-96.8910243,46.8755407
"500 10 ST HAWLEY, MN",1,-96.3229774,46.8806514
"500 10 ST S FARGO, ND",1,-96.794762,46.8695144
"500 14 ST S FARGO, ND",1,-96.800847,46.869561
"500 16 ST S MOORHEAD, MN",1,-96.7544324,46.8692646
"500 17 ST S MOORHEAD, MN",1,-96.7531448,46.8692642
"500 2 AVE NW WEST FARGO, ND",1,-96.905038,46.878635
"500 31 AVE N FARGO, ND",1,-96.786006,46.9165972
"500 5 ST S MOORHEAD, MN",1,-96.7724018,46.8693126
"500 6 ST S MOORHEAD, MN",1,-96.7709275,46.8692462
"500 7 ST S MOORHEAD, MN",1,-96.7694318,46.869299
"5000 40 AVE S FARGO, ND",1,-96.8707065,46.8183783
"5000 44 AVE S FARGO, ND",1,-96.8707107,46.8138943
"5200 21 AVE S FARGO, ND",1,-96.8561242,46.8443629
"5200 44 AVE S FARGO, ND",1,-96.8743372,46.8136119
"5400 26 ST S FARGO, ND",1,-96.8200289,46.800881
"5400 274 ST S HAWLEY, MN",1,-96.2328504,46.8134893
"5400 33 AVE S FARGO, ND",1,-96.8790677,46.8296623
"5500 18 ST S FARGO, ND",1,-96.8089533,46.8007308
"5500 59 ST S FARGO, ND",1,-96.885682,46.798505
"5600 33 AVE S FARGO, ND",1,-96.8790677,46.8296623
"5800 55 AVE S FARGO, ND",1,-96.8420888,46.800197
"5800 56 AVE S FARGO, ND",1,-96.8866599,46.7975461
"5800 CO RD 31 N FARGO, ND",1,-96.8059733,46.9559053
"5900 24 ST S FARGO, ND",1,-96.8169979,46.7944641
"5900 57 AVE S FARGO, ND",1,-96.8864965,46.7966661
"5900 CO RD 31 N FARGO, ND",1,-96.8060042,46.957173
"600 1 AVE N FARGO, ND",1,-96.7876918,46.8769465
"600 10 ST N MOORHEAD, MN",1,-96.7642865,46.8813524
"600 11 ST N MOORHEAD, MN",1,-96.7625559,46.8813573
"600 11 ST S FARGO, ND",1,-96.795999,46.868722
"600 16 ST N MOORHEAD, MN",1,-96.7542784,46.8813441
"600 19 ST N MOORHEAD, MN",1,-96.7494843,46.8813404
"600 2 AVE E WEST FARGO, ND",1,-96.8886712,46.874437
"600 2 AVE NW DILWORTH, MN",1,-96.7116708,46.8784965
"600 2 AVE W WEST FARGO, ND",1,-96.9092483,46.8749209
"600 3 ST N FARGO, ND",1,-96.7832013,46.8821917
"600 3 ST S MOORHEAD, MN",1,-96.7750799,46.8682581
"600 4 AVE E WEST FARGO, ND",1,-96.8900085,46.8726382
"600 4 AVE N FARGO, ND",1,-96.7877081,46.8800961
"600 42 ST S FARGO, ND",1,-96.8507989,46.8695431
"600 5 AVE S MOORHEAD, MN",1,-96.7709316,46.8693114
"600 BIRCH LN MOORHEAD, MN",1,-96.7407448,46.8667849
"600 HACKBERRY DR S FARGO, ND",1,-96.7914123,46.8289599
"600 UNIVERSITY DR S FARGO, ND",1,-96.7982999,46.8686924
"6200 200 AVE N GEORGETOWN, MN",1,-96.6646199,47.1368195
"6200 24 ST S FARGO, ND",1,-96.8170091,46.7917137
"6200 58 AVE S FARGO, ND",1,-96.8130996,46.7956932
"6300 17 ST N FARGO, ND",1,-96.8074967,46.9613361
"6700 280 ST S HAWLEY, MN",1,-96.2187768,46.7952665
"7 AVE S MOORHEAD, MN",1,-96.7694831,46.8672084
"7 ST N FARGO, ND",1,-96.7891192,46.8975789
"700 1 AVE N MOORHEAD, MN",1,-96.7693155,46.8766741
"700 11 ST N FARGO, ND",1,-96.7955178,46.8831838
"700 12 AVE W WEST FARGO, ND",1,-96.9113867,46.8637466
"700 20 ST S FARGO, ND",1,-96.8141196,46.8224819
"700 21 ST S FARGO, ND",1,-96.8133039,46.8676807
"700 23 ST S FARGO, ND",1,-96.8171322,46.8677371
"700 3 ST N FARGO, ND",1,-96.7831979,46.883145
"700 30 ST N FARGO, ND",1,-96.8266515,46.8842209
"700 34 AVE W WEST FARGO, ND",1,-96.9126816,46.829353
"700 4 ST S MOORHEAD, MN",1,-96.7735988,46.8672075
"700 51 ST S FARGO, ND",1,-96.8708902,46.8692029
"700 6 AVE SE BARNESVILLE, MN",1,-96.4115701,46.6481105
"700 7 AVE N FARGO, ND",1,-96.7894506,46.8831463
"700 CENTER AVE W DILWORTH, MN",1,-96.7118155,46.8765928
"700 COLLEGE ST N FARGO, ND",1,-96.799969,46.883353
"700 ELM ST N FARGO, ND",1,-96.7771397,46.8831075
"700 MAIN AVE W WEST FARGO, ND",1,-96.9109104,46.8770178
"7000 58 AVE N HARWOOD, ND",1,-96.9057252,46.9559104
"7100 14 ST S FARGO, ND",1,-96.8007676,46.7807287
"7100 25 ST S FARGO, ND",1,-96.8193581,46.7807655
"7100 41 ST N MOORHEAD, MN",1,-96.7130189,46.9502717
"8 AVE N FARGO, ND",1,-96.80277,46.8846887
"800 10 AVE N FARGO, ND",1,-96.7909219,46.886746
"800 11 ST N FARGO, ND",1,-96.7954606,46.8846579
"800 2 AVE S FARGO, ND",1,-96.7912894,46.8724776
"800 2 ST N FARGO, ND",1,-96.7816769,46.8846659
"800 21 ST S FARGO, ND",1,-96.8136153,46.8667272
"800 37 AVE S MOORHEAD, MN",1,-96.767891,46.8367584
"800 4 ST S MOORHEAD, MN",1,-96.7736103,46.8661766
"800 5 ST S MOORHEAD, MN",1,-96.7724473,46.8661785
"800 7 AVE S MOORHEAD, MN",1,-96.7680308,46.8672209
"800 9 ST HAWLEY, MN",1,-96.3224672,46.8845065
"800 9 ST N FARGO, ND",1,-96.7924996,46.8846665
"800 KROSHUS DR DILWORTH, MN",1,-96.7133109,46.8820825
"800 WOODBRIDGE CIR DILWORTH, MN",1,-96.6929263,46.8804128
"9 1/2 ST E WEST FARGO, ND",1,-96.8819,46.8741988
"9 AVE S FARGO, ND",1,-96.8247934,46.8657835
"9 ST N FARGO, ND",1,-96.7920694,46.8994441
"900 1 ST WEST FARGO, ND",1,-96.89992,46.8679146
"900 10 ST N MOORHEAD, MN",1,-96.7643391,46.8847049
"900 11 AVE N FARGO, ND",1,-96.7926399,46.8885541
"900 14 ST N FARGO, ND",1,-96.801222,46.8858996
"900 15 ST N FARGO, ND",1,-96.8046937,46.8853983
"900 17 ST S MOORHEAD, MN",1,-96.7531677,46.8650854
"900 18 ST S MOORHEAD, MN",1,-96.7518697,46.8650636
"900 2 AVE E WEST FARGO, ND",1,-96.8818665,46.8742111
"900 2 AVE S FARGO, ND",1,-96.7928094,46.8725689
"900 25 ST N FARGO, ND",1,-96.8196778,46.8857458
"900 3 AVE E WEST FARGO, ND",1,-96.8822084,46.8735662
"900 41 AVE S MOORHEAD, MN",1,-96.7649485,46.8316093
"900 43 ST S FARGO, ND",1,-96.8537696,46.8650164
"900 5 AVE S MOORHEAD, MN",1,-96.766362,46.8693074
"900 6 AVE N MOORHEAD, MN",1,-96.7657889,46.8813698
"900 7 AVE N MOORHEAD, MN",1,-96.7658154,46.8827123
"900 8 ST N FARGO, ND",1,-96.7909219,46.8858646
"900 SHEYENNE PARK PL WEST FARGO, ND",1,-96.916234,46.8618666
"FOREST AVE N FARGO, ND",1,-96.7832223,46.9158188
"OAKPORT ST N MOORHEAD, MN",1,-96.7573367,46.9553059
"UNIVERSITY DR N FARGO, ND",1,-96.7979658,46.9091521
